name,price
FAST Racing Neo,50
Darkest Dungeon,67
Final Fantasy Explorers,43
The Witness,50
Plants vs. Zombies: Garden Warfare 2,50
Pillar of Eternity: The White March - Part II,50
Fire Emblem Fates: Revelation,45
Homeworld: Deserts of Kharak,50
Tharsis,21
Mario & Luigi: Paper Jam,50
Gemini: Heroes Reborn,50
Resident Evil Zero,50
Resident Evil Zero,50
Rocket League,50
Thief,23
Rambo: The Video Game,67
Deus Ex: The Fall,45
Professor Layton vs. Phoenix Wright,33
Luftrausers,19
Infamous: Second Son,21
